question_id,question,lang,packet_sha256
Q001,检测,zh,78728725328b5b09f59164fc408a31c7d1607c90e656f6673a0924b988eff134
Q002,discard,en,78728725328b5b09f59164fc408a31c7d1607c90e656f6673a0924b988eff134
Q003,quarantine,en,78728725328b5b09f59164fc408a31c7d1607c90e656f6673a0924b988eff134
Q004,销毁,zh,78728725328b5b09f59164fc408a31c7d1607c90e656f6673a0924b988eff134
Q005,mean kinetic,en,78728725328b5b09f59164fc408a31c7d1607c90e656f6673a0924b988eff134
Q006,Why was this case assigned this disposition?,en,78728725328b5b09f59164fc408a31c7d1607c90e656f6673a0924b988eff134
Q007,路线,zh,78728725328b5b09f59164fc408a31c7d1607c90e656f6673a0924b988eff134
Q008,请展示这次异常的全过程链路。,zh,78728725328b5b09f59164fc408a31c7d1607c90e656f6673a0924b988eff134
Q009,who,zh,78728725328b5b09f59164fc408a31c7d1607c90e656f6673a0924b988eff134
Q010,放行,zh,78728725328b5b09f59164fc408a31c7d1607c90e656f6673a0924b988eff134
Q011,能否确认这支具体品牌疫苗的真实效价？,zh,78728725328b5b09f59164fc408a31c7d1607c90e656f6673a0924b988eff134
Q012,destroy,en,78728725328b5b09f59164fc408a31c7d1607c90e656f6673a0924b988eff134
Q013,reship,en,78728725328b5b09f59164fc408a31c7d1607c90e656f6673a0924b988eff134
Q014,release,en,78728725328b5b09f59164fc408a31c7d1607c90e656f6673a0924b988eff134
Q015,route,en,78728725328b5b09f59164fc408a31c7d1607c90e656f6673a0924b988eff134
Q016,In which stages is this cause most common?,en,78728725328b5b09f59164fc408a31c7d1607c90e656f6673a0924b988eff134
Q017,丢弃,zh,78728725328b5b09f59164fc408a31c7d1607c90e656f6673a0924b988eff134
Q018,test,en,78728725328b5b09f59164fc408a31c7d1607c90e656f6673a0924b988eff134
Q019,测试,zh,78728725328b5b09f59164fc408a31c7d1607c90e656f6673a0924b988eff134
Q020,hold,en,78728725328b5b09f59164fc408a31c7d1607c90e656f6673a0924b988eff134
Q021,who,en,78728725328b5b09f59164fc408a31c7d1607c90e656f6673a0924b988eff134
Q022,mkt,zh,78728725328b5b09f59164fc408a31c7d1607c90e656f6673a0924b988eff134
Q023,请统计已登记案例的处置分布。,zh,78728725328b5b09f59164fc408a31c7d1607c90e656f6673a0924b988eff134
Q024,ich,zh,78728725328b5b09f59164fc408a31c7d1607c90e656f6673a0924b988eff134
Q025,What are the product storage requirements?,en,78728725328b5b09f59164fc408a31c7d1607c90e656f6673a0924b988eff134
Q026,为什么这个不存在的案例被判报废？,zh,78728725328b5b09f59164fc408a31c7d1607c90e656f6673a0924b988eff134
Q027,ich,en,78728725328b5b09f59164fc408a31c7d1607c90e656f6673a0924b988eff134
Q028,What will the weather be tomorrow?,en,78728725328b5b09f59164fc408a31c7d1607c90e656f6673a0924b988eff134
Q029,reroute,en,78728725328b5b09f59164fc408a31c7d1607c90e656f6673a0924b988eff134
Q030,mkt,en,78728725328b5b09f59164fc408a31c7d1607c90e656f6673a0924b988eff134
Q031,scrap,en,78728725328b5b09f59164fc408a31c7d1607c90e656f6673a0924b988eff134
Q032,释放,zh,78728725328b5b09f59164fc408a31c7d1607c90e656f6673a0924b988eff134
Q033,Why was this nonexistent case scrapped?,en,78728725328b5b09f59164fc408a31c7d1607c90e656f6673a0924b988eff134
Q034,deliver,en,78728725328b5b09f59164fc408a31c7d1607c90e656f6673a0924b988eff134
Q035,Show disposition stats for recorded cases.,en,78728725328b5b09f59164fc408a31c7d1607c90e656f6673a0924b988eff134
Q036,配送,zh,78728725328b5b09f59164fc408a31c7d1607c90e656f6673a0924b988eff134
Q037,该产品的储存要求和允许时长是什么？,zh,78728725328b5b09f59164fc408a31c7d1607c90e656f6673a0924b988eff134
Q038,Certify actual potency of this specific vaccine brand.,en,78728725328b5b09f59164fc408a31c7d1607c90e656f6673a0924b988eff134
Q039,报废,zh,78728725328b5b09f59164fc408a31c7d1607c90e656f6673a0924b988eff134
Q040,retest,en,78728725328b5b09f59164fc408a31c7d1607c90e656f6673a0924b988eff134
Q041,为什么这个案例需要这样的处置？,zh,78728725328b5b09f59164fc408a31c7d1607c90e656f6673a0924b988eff134
Q042,隔离,zh,78728725328b5b09f59164fc408a31c7d1607c90e656f6673a0924b988eff134
Q043,gdp,en,78728725328b5b09f59164fc408a31c7d1607c90e656f6673a0924b988eff134
Q044,这个根因最常见于哪些运输阶段？,zh,78728725328b5b09f59164fc408a31c7d1607c90e656f6673a0924b988eff134
Q045,扣留,zh,78728725328b5b09f59164fc408a31c7d1607c90e656f6673a0924b988eff134
Q046,复验,zh,78728725328b5b09f59164fc408a31c7d1607c90e656f6673a0924b988eff134
Q047,路由,zh,78728725328b5b09f59164fc408a31c7d1607c90e656f6673a0924b988eff134
Q048,补发,zh,78728725328b5b09f59164fc408a31c7d1607c90e656f6673a0924b988eff134
Q049,gdp,zh,78728725328b5b09f59164fc408a31c7d1607c90e656f6673a0924b988eff134
Q050,今天的天气好吗？,zh,78728725328b5b09f59164fc408a31c7d1607c90e656f6673a0924b988eff134
Q051,平均动力学,zh,78728725328b5b09f59164fc408a31c7d1607c90e656f6673a0924b988eff134
Q052,hold,zh,78728725328b5b09f59164fc408a31c7d1607c90e656f6673a0924b988eff134
Q053,Show the audit chain for this case.,en,78728725328b5b09f59164fc408a31c7d1607c90e656f6673a0924b988eff134
