question_id,packet_sha256,response_sha256,annotator_id,answer_correctness,evidence_relevance,evidence_sufficiency,refusal_appropriate,unsupported_claims,relevant_evidence_ids,checked_source_urls,note
Q001,78728725328b5b09f59164fc408a31c7d1607c90e656f6673a0924b988eff134,9955a5e2a29c3d7777a2d559bbbb1646dcf1187ed938de055dc99efb951282de,,,,,,,,,
Q002,78728725328b5b09f59164fc408a31c7d1607c90e656f6673a0924b988eff134,a0995c13ee2f7f2a3493c4a5db0e3021b12a565cd7285cc406bbd059e2fd6d24,,,,,,,,,
Q003,78728725328b5b09f59164fc408a31c7d1607c90e656f6673a0924b988eff134,08dd94892652a886304d7bba4c9ed255ae7028400b347b8197f6ccda0d3dadc1,,,,,,,,,
Q004,78728725328b5b09f59164fc408a31c7d1607c90e656f6673a0924b988eff134,7ee0540ffb37092aaf4f53924b284f7fd4cf20c458e8352e68f20049d68ea91a,,,,,,,,,
Q005,78728725328b5b09f59164fc408a31c7d1607c90e656f6673a0924b988eff134,5037d2633fe516944f59ffaae80fba8cd6add527547aa3b7dc601b57a536d168,,,,,,,,,
Q006,78728725328b5b09f59164fc408a31c7d1607c90e656f6673a0924b988eff134,aba43182b3e12b4926726af7a35fe02d02055745bac3fe04228e7c18623faad5,,,,,,,,,
Q007,78728725328b5b09f59164fc408a31c7d1607c90e656f6673a0924b988eff134,5bafbc37f2c483f7980990ccc97448ab6694bd2c63e7c834179318b83e089dfb,,,,,,,,,
Q008,78728725328b5b09f59164fc408a31c7d1607c90e656f6673a0924b988eff134,7e47dd7d734e3849232debd66a4465d4a300d8d07544d6f272faee5dd32c8b33,,,,,,,,,
Q009,78728725328b5b09f59164fc408a31c7d1607c90e656f6673a0924b988eff134,60fb674fb35114f1fe2f53dfff977eeafeee33d68a7e277d0e1020a0e3887926,,,,,,,,,
Q010,78728725328b5b09f59164fc408a31c7d1607c90e656f6673a0924b988eff134,bc2dd7b3aad209fbf72b687b2b09506f9152ebb6bc3d63bdb3e84892fba76034,,,,,,,,,
Q011,78728725328b5b09f59164fc408a31c7d1607c90e656f6673a0924b988eff134,b210f06e53d45183693620be4645f9c533fcd3f4f88324bdef5d09701cb436f5,,,,,,,,,
Q012,78728725328b5b09f59164fc408a31c7d1607c90e656f6673a0924b988eff134,0185d8cb97582c70bbdf7d1bd0807dffae8d382a585078fbfc2a0f41f1fe39da,,,,,,,,,
Q013,78728725328b5b09f59164fc408a31c7d1607c90e656f6673a0924b988eff134,fa60d8c9a6992e094f559bda4bd5f82e61586de08072cf258793cfcaa3c9a17b,,,,,,,,,
Q014,78728725328b5b09f59164fc408a31c7d1607c90e656f6673a0924b988eff134,c39d0768a1214b51e8ae1f10711bfc1c76a1ad54bbd38fa022c1824ad0631f09,,,,,,,,,
Q015,78728725328b5b09f59164fc408a31c7d1607c90e656f6673a0924b988eff134,93dd3121f1e694bc35433b1886c28eecf40411bf84dfbecc5378dedd3c1bb5ce,,,,,,,,,
Q016,78728725328b5b09f59164fc408a31c7d1607c90e656f6673a0924b988eff134,3227a634f21c838a1170bb04928aebcfcd9909f4e2a213af689a08bf31295958,,,,,,,,,
Q017,78728725328b5b09f59164fc408a31c7d1607c90e656f6673a0924b988eff134,62098c67eb9d9d89e44e82f78f132bd2e25f36f045ac05c7edb5f9a78b51641b,,,,,,,,,
Q018,78728725328b5b09f59164fc408a31c7d1607c90e656f6673a0924b988eff134,f51795f64a1946b03230631a1a42a4e46f27180cf2522fd3d8858c11ea72cc0a,,,,,,,,,
Q019,78728725328b5b09f59164fc408a31c7d1607c90e656f6673a0924b988eff134,1752b85fc9b13eb6b90eb6738f5ec7c5f1a5a622cbee122c1fd155b1eb73f64f,,,,,,,,,
Q020,78728725328b5b09f59164fc408a31c7d1607c90e656f6673a0924b988eff134,eb6e05fe9dd40b67784bd25acdca6464e40fbff0e049f3b9ef0b10b4016c4e2c,,,,,,,,,
Q021,78728725328b5b09f59164fc408a31c7d1607c90e656f6673a0924b988eff134,9e86aa53b52d8cc8270832f94f88a000a184e7b903d445c2a55a09d9b375835e,,,,,,,,,
Q022,78728725328b5b09f59164fc408a31c7d1607c90e656f6673a0924b988eff134,c6eccf49f38844be828f96baf168fbcae834ca0428ee14b4856bb5f4fe6ff170,,,,,,,,,
Q023,78728725328b5b09f59164fc408a31c7d1607c90e656f6673a0924b988eff134,b1d6dd41ef5840af204570917ebb0cc252b4de4179585f746e5f66d0fdd6d0e7,,,,,,,,,
Q024,78728725328b5b09f59164fc408a31c7d1607c90e656f6673a0924b988eff134,54f39fc79f126891ab293b62916c28aacefb20c3625094e75902945b2166225b,,,,,,,,,
Q025,78728725328b5b09f59164fc408a31c7d1607c90e656f6673a0924b988eff134,0b74f77732a440c825a8811e586d72fa3f4dac4976b52077c4fe453dbcbd972e,,,,,,,,,
Q026,78728725328b5b09f59164fc408a31c7d1607c90e656f6673a0924b988eff134,4fb219006bc99dacafbd2f0207e8bfd429de07b7041bcebb5586b5bf8e1545c7,,,,,,,,,
Q027,78728725328b5b09f59164fc408a31c7d1607c90e656f6673a0924b988eff134,17a80c33f2f9b3c459ad36fbd1190bbce5a6caf97e5e497b7f3c46fc1ea484f6,,,,,,,,,
Q028,78728725328b5b09f59164fc408a31c7d1607c90e656f6673a0924b988eff134,5a71b6e17358eb0418ed1255b948cafa549f1e2a9f976db149ae567d90739925,,,,,,,,,
Q029,78728725328b5b09f59164fc408a31c7d1607c90e656f6673a0924b988eff134,d4d1e29b8bdc8969ef8a3978d9620530ef97464b986b01e97ed1c817aad395c2,,,,,,,,,
Q030,78728725328b5b09f59164fc408a31c7d1607c90e656f6673a0924b988eff134,704b6b292d93ae674b351f7660a0aaa523687d2d2385ab4b4c021c1eb1528a03,,,,,,,,,
Q031,78728725328b5b09f59164fc408a31c7d1607c90e656f6673a0924b988eff134,24d57fef312a7454241fb28541fc7fe0286282b3995810ce4e67671dd0d48564,,,,,,,,,
Q032,78728725328b5b09f59164fc408a31c7d1607c90e656f6673a0924b988eff134,df63595d8c57ef2e9cfc44f538bd547594024308309c4f0b0f78723fc4a40676,,,,,,,,,
Q033,78728725328b5b09f59164fc408a31c7d1607c90e656f6673a0924b988eff134,57b12eeb345af06b70c504fef724dd8a5ea20c360fa50a1b7af8cc10fd3334e8,,,,,,,,,
Q034,78728725328b5b09f59164fc408a31c7d1607c90e656f6673a0924b988eff134,54d58156ebddd6ef86e0aa833a4cddd03e1395d5555fb9f3d779410bec20d428,,,,,,,,,
Q035,78728725328b5b09f59164fc408a31c7d1607c90e656f6673a0924b988eff134,e97b05bf81d2a6a315232db69d8c958a95f94391719af88013c327a530e21b8a,,,,,,,,,
Q036,78728725328b5b09f59164fc408a31c7d1607c90e656f6673a0924b988eff134,f7767820047abeae6543984326a5b58b8b5f2c440cf50faf66c8fed64a2d5f5a,,,,,,,,,
Q037,78728725328b5b09f59164fc408a31c7d1607c90e656f6673a0924b988eff134,2a5593f261d0484da8e37500bdac7f5aa28dc096470e89751f8b827760159749,,,,,,,,,
Q038,78728725328b5b09f59164fc408a31c7d1607c90e656f6673a0924b988eff134,beec5c5d9c43141d3c78df5908e4f555b18852a939477e29ba977d7b10ddfdd0,,,,,,,,,
Q039,78728725328b5b09f59164fc408a31c7d1607c90e656f6673a0924b988eff134,ee4960de0ad8c2ada74738615d8198150a942577db2cb4197f963792a7c60943,,,,,,,,,
Q040,78728725328b5b09f59164fc408a31c7d1607c90e656f6673a0924b988eff134,0407eac0ac4b3dd66b29d4f2d60938dfaa7a1e30136f35fc7fc2c775c8caf764,,,,,,,,,
Q041,78728725328b5b09f59164fc408a31c7d1607c90e656f6673a0924b988eff134,f07c405299b407e4ba22009b4742052fd48d121f7d4c1c614eee9e1666b004ec,,,,,,,,,
Q042,78728725328b5b09f59164fc408a31c7d1607c90e656f6673a0924b988eff134,3998e37a64534424f2f85977aabaa7dbdc71074708022df7ddd718d787cfe763,,,,,,,,,
Q043,78728725328b5b09f59164fc408a31c7d1607c90e656f6673a0924b988eff134,e9458600290690f3938d461dd37f018e94ac7fd8c08b2a4877d4d89ccd567e17,,,,,,,,,
Q044,78728725328b5b09f59164fc408a31c7d1607c90e656f6673a0924b988eff134,fbeb31a4914ac492cccb339a429a3b20bd082331eeaf1439771c36ecee321d4f,,,,,,,,,
Q045,78728725328b5b09f59164fc408a31c7d1607c90e656f6673a0924b988eff134,92e517c6984465ceed086afb5bf0a2125bd08bc2ee751cd54d1315e09c8f1186,,,,,,,,,
Q046,78728725328b5b09f59164fc408a31c7d1607c90e656f6673a0924b988eff134,d1366cd29f4f690bea9ce305f8cbe152d21914eff82753a6b3addccb3f70e5cc,,,,,,,,,
Q047,78728725328b5b09f59164fc408a31c7d1607c90e656f6673a0924b988eff134,fdb61b30ed2f47892a333f17361ce0d7a75e1db9e725be95ea790bb23567cb0e,,,,,,,,,
Q048,78728725328b5b09f59164fc408a31c7d1607c90e656f6673a0924b988eff134,4578c6499a36a39ca4c0e20d15bf7de22bba0428e3335fe8fbaa57f0c2cc387b,,,,,,,,,
Q049,78728725328b5b09f59164fc408a31c7d1607c90e656f6673a0924b988eff134,a691ef0575cc3c211e53b4a16f22cdb792202feea7f4935eefb5488628c2e2cf,,,,,,,,,
Q050,78728725328b5b09f59164fc408a31c7d1607c90e656f6673a0924b988eff134,9960773cdf017c50afa4501bc9b8eb7bb84ba48f80df5b6f6b5dca20a8c1ac8b,,,,,,,,,
Q051,78728725328b5b09f59164fc408a31c7d1607c90e656f6673a0924b988eff134,0723c22b97ed9422f0c04e22329634a47ddc7888003f1b15f26b021dd49e141d,,,,,,,,,
Q052,78728725328b5b09f59164fc408a31c7d1607c90e656f6673a0924b988eff134,d7a35c0b140800bf3b2e094517154b1f17be8e73993b951a33de5a016113e5f5,,,,,,,,,
Q053,78728725328b5b09f59164fc408a31c7d1607c90e656f6673a0924b988eff134,d88aec7974e27aeca018976c2901859910c9f0d6c289eef0532fc56b6c5cacb6,,,,,,,,,
