question_id,packet_sha256,adjudicator_id,expected_intent,note
Q001,78728725328b5b09f59164fc408a31c7d1607c90e656f6673a0924b988eff134,,,
Q002,78728725328b5b09f59164fc408a31c7d1607c90e656f6673a0924b988eff134,,,
Q003,78728725328b5b09f59164fc408a31c7d1607c90e656f6673a0924b988eff134,,,
Q004,78728725328b5b09f59164fc408a31c7d1607c90e656f6673a0924b988eff134,,,
Q005,78728725328b5b09f59164fc408a31c7d1607c90e656f6673a0924b988eff134,,,
Q006,78728725328b5b09f59164fc408a31c7d1607c90e656f6673a0924b988eff134,,,
Q007,78728725328b5b09f59164fc408a31c7d1607c90e656f6673a0924b988eff134,,,
Q008,78728725328b5b09f59164fc408a31c7d1607c90e656f6673a0924b988eff134,,,
Q009,78728725328b5b09f59164fc408a31c7d1607c90e656f6673a0924b988eff134,,,
Q010,78728725328b5b09f59164fc408a31c7d1607c90e656f6673a0924b988eff134,,,
Q011,78728725328b5b09f59164fc408a31c7d1607c90e656f6673a0924b988eff134,,,
Q012,78728725328b5b09f59164fc408a31c7d1607c90e656f6673a0924b988eff134,,,
Q013,78728725328b5b09f59164fc408a31c7d1607c90e656f6673a0924b988eff134,,,
Q014,78728725328b5b09f59164fc408a31c7d1607c90e656f6673a0924b988eff134,,,
Q015,78728725328b5b09f59164fc408a31c7d1607c90e656f6673a0924b988eff134,,,
Q016,78728725328b5b09f59164fc408a31c7d1607c90e656f6673a0924b988eff134,,,
Q017,78728725328b5b09f59164fc408a31c7d1607c90e656f6673a0924b988eff134,,,
Q018,78728725328b5b09f59164fc408a31c7d1607c90e656f6673a0924b988eff134,,,
Q019,78728725328b5b09f59164fc408a31c7d1607c90e656f6673a0924b988eff134,,,
Q020,78728725328b5b09f59164fc408a31c7d1607c90e656f6673a0924b988eff134,,,
Q021,78728725328b5b09f59164fc408a31c7d1607c90e656f6673a0924b988eff134,,,
Q022,78728725328b5b09f59164fc408a31c7d1607c90e656f6673a0924b988eff134,,,
Q023,78728725328b5b09f59164fc408a31c7d1607c90e656f6673a0924b988eff134,,,
Q024,78728725328b5b09f59164fc408a31c7d1607c90e656f6673a0924b988eff134,,,
Q025,78728725328b5b09f59164fc408a31c7d1607c90e656f6673a0924b988eff134,,,
Q026,78728725328b5b09f59164fc408a31c7d1607c90e656f6673a0924b988eff134,,,
Q027,78728725328b5b09f59164fc408a31c7d1607c90e656f6673a0924b988eff134,,,
Q028,78728725328b5b09f59164fc408a31c7d1607c90e656f6673a0924b988eff134,,,
Q029,78728725328b5b09f59164fc408a31c7d1607c90e656f6673a0924b988eff134,,,
Q030,78728725328b5b09f59164fc408a31c7d1607c90e656f6673a0924b988eff134,,,
Q031,78728725328b5b09f59164fc408a31c7d1607c90e656f6673a0924b988eff134,,,
Q032,78728725328b5b09f59164fc408a31c7d1607c90e656f6673a0924b988eff134,,,
Q033,78728725328b5b09f59164fc408a31c7d1607c90e656f6673a0924b988eff134,,,
Q034,78728725328b5b09f59164fc408a31c7d1607c90e656f6673a0924b988eff134,,,
Q035,78728725328b5b09f59164fc408a31c7d1607c90e656f6673a0924b988eff134,,,
Q036,78728725328b5b09f59164fc408a31c7d1607c90e656f6673a0924b988eff134,,,
Q037,78728725328b5b09f59164fc408a31c7d1607c90e656f6673a0924b988eff134,,,
Q038,78728725328b5b09f59164fc408a31c7d1607c90e656f6673a0924b988eff134,,,
Q039,78728725328b5b09f59164fc408a31c7d1607c90e656f6673a0924b988eff134,,,
Q040,78728725328b5b09f59164fc408a31c7d1607c90e656f6673a0924b988eff134,,,
Q041,78728725328b5b09f59164fc408a31c7d1607c90e656f6673a0924b988eff134,,,
Q042,78728725328b5b09f59164fc408a31c7d1607c90e656f6673a0924b988eff134,,,
Q043,78728725328b5b09f59164fc408a31c7d1607c90e656f6673a0924b988eff134,,,
Q044,78728725328b5b09f59164fc408a31c7d1607c90e656f6673a0924b988eff134,,,
Q045,78728725328b5b09f59164fc408a31c7d1607c90e656f6673a0924b988eff134,,,
Q046,78728725328b5b09f59164fc408a31c7d1607c90e656f6673a0924b988eff134,,,
Q047,78728725328b5b09f59164fc408a31c7d1607c90e656f6673a0924b988eff134,,,
Q048,78728725328b5b09f59164fc408a31c7d1607c90e656f6673a0924b988eff134,,,
Q049,78728725328b5b09f59164fc408a31c7d1607c90e656f6673a0924b988eff134,,,
Q050,78728725328b5b09f59164fc408a31c7d1607c90e656f6673a0924b988eff134,,,
Q051,78728725328b5b09f59164fc408a31c7d1607c90e656f6673a0924b988eff134,,,
Q052,78728725328b5b09f59164fc408a31c7d1607c90e656f6673a0924b988eff134,,,
Q053,78728725328b5b09f59164fc408a31c7d1607c90e656f6673a0924b988eff134,,,
