question,lang,source,expected_intent,note
mkt,zh,i18n/zh.js#qa.answers[0],,
平均动力学,zh,i18n/zh.js#qa.answers[0],,
报废,zh,i18n/zh.js#qa.answers[1],,
销毁,zh,i18n/zh.js#qa.answers[1],,
丢弃,zh,i18n/zh.js#qa.answers[1],,
隔离,zh,i18n/zh.js#qa.answers[2],,
扣留,zh,i18n/zh.js#qa.answers[2],,
hold,zh,i18n/zh.js#qa.answers[2],,
复验,zh,i18n/zh.js#qa.answers[3],,
检测,zh,i18n/zh.js#qa.answers[3],,
测试,zh,i18n/zh.js#qa.answers[3],,
放行,zh,i18n/zh.js#qa.answers[4],,
释放,zh,i18n/zh.js#qa.answers[4],,
配送,zh,i18n/zh.js#qa.answers[5],,
路由,zh,i18n/zh.js#qa.answers[5],,
补发,zh,i18n/zh.js#qa.answers[5],,
路线,zh,i18n/zh.js#qa.answers[5],,
gdp,zh,i18n/zh.js#qa.answers[6],,
ich,zh,i18n/zh.js#qa.answers[6],,
who,zh,i18n/zh.js#qa.answers[6],,
mkt,en,i18n/en.js#qa.answers[0],,
mean kinetic,en,i18n/en.js#qa.answers[0],,
scrap,en,i18n/en.js#qa.answers[1],,
discard,en,i18n/en.js#qa.answers[1],,
destroy,en,i18n/en.js#qa.answers[1],,
quarantine,en,i18n/en.js#qa.answers[2],,
hold,en,i18n/en.js#qa.answers[2],,
retest,en,i18n/en.js#qa.answers[3],,
test,en,i18n/en.js#qa.answers[3],,
release,en,i18n/en.js#qa.answers[4],,
reroute,en,i18n/en.js#qa.answers[5],,
route,en,i18n/en.js#qa.answers[5],,
deliver,en,i18n/en.js#qa.answers[5],,
reship,en,i18n/en.js#qa.answers[5],,
gdp,en,i18n/en.js#qa.answers[6],,
ich,en,i18n/en.js#qa.answers[6],,
who,en,i18n/en.js#qa.answers[6],,
