scenario_id,product_id,excursion_temp_c,duration_min,mkt_c,packaging,stage,gold_label
S001,vaccine_2_8,5.0,5,4.5,intact,transit,release
S002,vaccine_2_8,6.0,10,5.0,intact,warehouse,release
S003,vaccine_2_8,7.0,15,6.5,intact,transit,release
S004,vaccine_2_8,8.0,5,7.0,intact,airport_dwell,release
S005,vaccine_2_8,4.0,20,4.2,intact,transit,release
S006,vaccine_2_8,6.5,12,5.8,intact,transit,release
S007,vaccine_2_8,5.5,8,5.0,intact,warehouse,release
S008,vaccine_2_8,7.5,18,6.9,intact,transit,release
S009,vaccine_2_8,9.0,25,9.6,intact,transit,retest
S010,vaccine_2_8,10.0,28,9.8,intact,warehouse,retest
S011,vaccine_2_8,9.5,30,9.7,intact,airport_dwell,retest
S012,vaccine_2_8,8.5,20,9.6,intact,transit,retest
S013,vaccine_2_8,10.0,24,9.5,intact,transit,retest
S014,vaccine_2_8,9.8,26,9.9,intact,warehouse,retest
S015,vaccine_2_8,9.0,29,9.6,intact,transit,retest
S016,vaccine_2_8,10.0,10,9.5,intact,airport_dwell,retest
S017,vaccine_2_8,12.0,35,11.2,intact,airport_dwell,quarantine
S018,vaccine_2_8,13.0,40,12.0,intact,transit,quarantine
S019,vaccine_2_8,11.0,45,10.8,intact,warehouse,quarantine
S020,vaccine_2_8,10.5,31,10.3,intact,transit,quarantine
S021,vaccine_2_8,9.0,50,9.8,intact,transit,quarantine
S022,vaccine_2_8,14.0,20,12.5,intact,airport_dwell,quarantine
S023,vaccine_2_8,12.5,38,11.8,intact,warehouse,quarantine
S024,vaccine_2_8,11.5,33,10.9,intact,transit,quarantine
S025,vaccine_2_8,20.0,90,19.0,intact,transit,scrap
S026,vaccine_2_8,25.0,60,22.0,intact,warehouse,scrap
S027,vaccine_2_8,18.0,120,17.5,intact,airport_dwell,scrap
S028,vaccine_2_8,12.0,50,13.0,intact,transit,scrap
S029,vaccine_2_8,15.0,40,13.0,compromised,transit,scrap
S030,vaccine_2_8,22.0,75,20.0,intact,transit,scrap
S031,vaccine_2_8,30.0,100,28.0,intact,warehouse,scrap
S032,vaccine_2_8,16.0,45,14.5,intact,transit,scrap
S033,vaccine_2_8,9.0,65,9.0,intact,airport_dwell,scrap
S034,frozen_m20,-14.0,5,-16.0,intact,transit,release
S035,frozen_m20,-13.0,8,-15.0,intact,warehouse,release
S036,frozen_m20,-15.0,10,-15.5,intact,transit,release
S037,frozen_m20,-16.0,12,-16.0,intact,airport_dwell,release
S038,frozen_m20,-5.0,20,-10.0,intact,transit,quarantine
S039,frozen_m20,-8.0,16,-11.0,intact,warehouse,quarantine
S040,frozen_m20,-10.0,10,-10.5,intact,airport_dwell,quarantine
S041,frozen_m20,-4.0,25,-9.5,intact,transit,quarantine
S042,frozen_m20,-6.0,18,-10.8,intact,transit,quarantine
S043,frozen_m20,0.0,35,-3.0,intact,transit,scrap
S044,frozen_m20,-5.0,30,-9.0,intact,warehouse,scrap
S045,frozen_m20,-2.0,40,-5.0,intact,airport_dwell,scrap
S046,frozen_m20,-7.0,20,-9.0,intact,transit,scrap
S047,frozen_m20,5.0,15,-8.5,compromised,transit,scrap
S048,vaccine_2_8,-5.0,5,4.0,intact,transit,scrap
S049,insulin_2_8,-2.0,10,3.0,intact,warehouse,scrap
S050,frozen_m20,-30.0,5,-28.0,intact,transit,release
S051,insulin_2_8,5.0,5,4.5,intact,transit,release
S052,insulin_2_8,9.5,25,9.6,intact,transit,retest
S053,insulin_2_8,11.0,35,10.8,intact,transit,quarantine
S054,insulin_2_8,20.0,90,19.0,intact,transit,scrap
S055,mrna_ultracold,-70.0,10,-75.0,intact,transit,release
S056,mrna_ultracold,-40.0,70,-70.0,intact,transit,quarantine
S057,mrna_ultracold,-30.0,150,-35.0,intact,warehouse,scrap
